"year","month","WEEKDAY","member_casual","rideable_type","cantidad","avg_time_length","max_time_length","min_time_length","median_time_length","avg_distance","min_distance","max_distance","median_distance"
2023,6,1,"member","electric_bike",30,"00:10:02","00:35:44","00:00:14","00:06:50",2.13214302042731,0,8.17998646447155,1.38836126996605
2023,6,2,"member","electric_bike",23,"00:14:31","01:49:56","00:00:10","00:06:34",1.70577676548947,0,6.73034971437769,1.38704469069485
2023,6,3,"member","electric_bike",26,"00:15:12","01:59:17","00:00:09","00:07:00",2.00477505054087,0,11.1845400160265,1.2503910777013
2023,6,4,"member","electric_bike",34,"00:19:17","03:39:52","00:00:30","00:07:51",1.72522562902786,0,7.85931761491989,1.38758721610909
2023,6,5,"member","electric_bike",34,"00:14:46","03:20:04","00:00:12","00:07:28",1.94994763568381,0,6.08151447388413,1.52217300577227
2023,6,6,"member","electric_bike",57,"00:19:14","04:08:48","00:01:31","00:09:15",2.37490704985577,0,10.2022318516396,1.38781966478182
2023,6,7,"casual","electric_bike",4,"00:20:48","00:44:44","00:05:11","00:16:39",2.94106510666171,1.11319490600171,6.0971451813046,2.27696016967026
2023,6,7,"member","electric_bike",42,"00:21:09","04:27:57","00:00:03","00:07:54",1.62299555745535,0,5.62725980123094,1.38712221800645
